Question,Answer
1. What is Python known for being able to build?,Python is known for being able to build anything since it is a general-purpose programming language.
2. Where can you download Python packages for data science?,You can download Python packages for data science from the official Python website at https://www.python.org/downloads/.
3. What is the file extension for Python scripts?,"The file extension for Python scripts is "".py""."
4. How can you generate output from a Python script?,You can generate output from a Python script by using the `print()` function.
5. How can you calculate BMI in Python?,"To calculate BMI in Python, you can use the formula: 

```python
bmi = weight / height ** 2
```

Where `weight` is the weight in kilograms and `height` is the height in meters. This formula calculates the Body Mass Index (BMI) based on weight and height."
6. What is the importance of reproducibility in coding?,"Reproducibility in coding is important because it ensures that the results of a program or analysis can be replicated by others or by the same person at a later time. This is crucial for transparency, collaboration, and verification of results in data analysis and scientific research. By making your code reproducible, you can easily share your work with others, verify your own results, and build upon existing work without having to start from scratch."
7. What are the different types of variables in Python?,"In Python, there are different types of variables based on the data they hold. The main variable types in Python are:
1. Integer (int): Whole numbers without decimal points.
2. Float (float): Numbers with decimal points.
3. String (str): Textual data enclosed in single or double quotes.
4. Boolean (bool): Represents True or False values.
These are the basic variable types in Python."
8. What are the different Python types mentioned in the text?,"The different Python types mentioned in the text are:
- float
- int
- str
- bool"
9. How does Python handle different types in operations?,"Python handles different types in operations by automatically converting them to a common type when performing operations. For example, when you add an integer to a float, Python will convert the integer to a float before performing the addition. Similarly, when you concatenate a string with an integer, Python will convert the integer to a string before concatenating them. This automatic type conversion allows Python to perform operations smoothly across different data types."
10. What is the result of the operation '2 + 3' in Python?,The result of the operation '2 + 3' in Python is 5.
